amfi_code,fund_house,expense_ratio_pct,cagr_3yr_pct,recalculated_sharpe_ratio,annualized_alpha_pct,maximum_drawdown_pct,composite_score
119598,SBI Mutual Fund,1.43,23.39,-2.3214,0.3381,-28.71,88.88
119598,SBI Mutual Fund,1.43,23.39,-2.3214,0.3381,-28.71,88.88
119598,SBI Mutual Fund,1.43,23.39,-2.3214,0.3381,-28.71,88.88
119598,SBI Mutual Fund,1.43,23.39,-2.3214,0.3381,-28.71,88.88
119598,SBI Mutual Fund,1.43,23.39,-2.3214,0.3381,-28.71,88.88
119598,SBI Mutual Fund,1.43,23.39,-2.3214,0.3381,-28.71,88.88
119598,SBI Mutual Fund,1.43,23.39,-2.3214,0.3381,-28.71,88.88
119598,SBI Mutual Fund,1.43,23.39,-2.3214,0.3381,-28.71,88.88
119598,SBI Mutual Fund,1.43,23.39,-2.3214,0.3381,-28.71,88.88
119598,SBI Mutual Fund,1.43,23.39,-2.3214,0.3381,-28.71,88.88
149324,DSP Mutual Fund,1.52,20.08,-2.3501,0.3321,-31.17,81.19
149324,DSP Mutual Fund,1.52,20.08,-2.3501,0.3321,-31.17,81.19
149324,DSP Mutual Fund,1.52,20.08,-2.3501,0.3321,-31.17,81.19
149324,DSP Mutual Fund,1.52,20.08,-2.3501,0.3321,-31.17,81.19
149324,DSP Mutual Fund,1.52,20.08,-2.3501,0.3321,-31.17,81.19
149324,DSP Mutual Fund,1.52,20.08,-2.3501,0.3321,-31.17,81.19
149324,DSP Mutual Fund,1.52,20.08,-2.3501,0.3321,-31.17,81.19
149324,DSP Mutual Fund,1.52,20.08,-2.3501,0.3321,-31.17,81.19
149324,DSP Mutual Fund,1.52,20.08,-2.3501,0.3321,-31.17,81.19
149324,DSP Mutual Fund,1.52,20.08,-2.3501,0.3321,-31.17,81.19
120505,ICICI Prudential MF,1.36,18.08,-3.0257,0.3268,-18.19,78.37
120505,ICICI Prudential MF,1.36,18.08,-3.0257,0.3268,-18.19,78.37
120505,ICICI Prudential MF,1.36,18.08,-3.0257,0.3268,-18.19,78.37
120505,ICICI Prudential MF,1.36,18.08,-3.0257,0.3268,-18.19,78.37
120505,ICICI Prudential MF,1.36,18.08,-3.0257,0.3268,-18.19,78.37
120505,ICICI Prudential MF,1.36,18.08,-3.0257,0.3268,-18.19,78.37
120505,ICICI Prudential MF,1.36,18.08,-3.0257,0.3268,-18.19,78.37
120505,ICICI Prudential MF,1.36,18.08,-3.0257,0.3268,-18.19,78.37
120505,ICICI Prudential MF,1.36,18.08,-3.0257,0.3268,-18.19,78.37
120505,ICICI Prudential MF,1.36,18.08,-3.0257,0.3268,-18.19,78.37
119598,SBI Mutual Fund,1.43,,-2.3214,0.3381,-28.71,74.58
119598,SBI Mutual Fund,1.43,,-2.3214,0.3381,-28.71,74.58
119598,SBI Mutual Fund,1.43,,-2.3214,0.3381,-28.71,74.58
119598,SBI Mutual Fund,1.43,,-2.3214,0.3381,-28.71,74.58
119598,SBI Mutual Fund,1.43,,-2.3214,0.3381,-28.71,74.58
119598,SBI Mutual Fund,1.43,,-2.3214,0.3381,-28.71,74.58
119598,SBI Mutual Fund,1.43,,-2.3214,0.3381,-28.71,74.58
119598,SBI Mutual Fund,1.43,,-2.3214,0.3381,-28.71,74.58
119598,SBI Mutual Fund,1.43,,-2.3214,0.3381,-28.71,74.58
119598,SBI Mutual Fund,1.43,,-2.3214,0.3381,-28.71,74.58
119599,SBI Mutual Fund,0.72,23.14,-2.452,0.0563,-52.57,74.27
119599,SBI Mutual Fund,0.72,23.14,-2.452,0.0563,-52.57,74.27
119599,SBI Mutual Fund,0.72,23.14,-2.452,0.0563,-52.57,74.27
119599,SBI Mutual Fund,0.72,23.14,-2.452,0.0563,-52.57,74.27
119599,SBI Mutual Fund,0.72,23.14,-2.452,0.0563,-52.57,74.27
119599,SBI Mutual Fund,0.72,23.14,-2.452,0.0563,-52.57,74.27
119599,SBI Mutual Fund,0.72,23.14,-2.452,0.0563,-52.57,74.27
119599,SBI Mutual Fund,0.72,23.14,-2.452,0.0563,-52.57,74.27
119599,SBI Mutual Fund,0.72,23.14,-2.452,0.0563,-52.57,74.27
119599,SBI Mutual Fund,0.72,23.14,-2.452,0.0563,-52.57,74.27
100033,HDFC Mutual Fund,1.38,16.58,-3.0952,0.3021,-16.22,72.09
100033,HDFC Mutual Fund,1.38,16.58,-3.0952,0.3021,-16.22,72.09
100033,HDFC Mutual Fund,1.38,16.58,-3.0952,0.3021,-16.22,72.09
100033,HDFC Mutual Fund,1.38,16.58,-3.0952,0.3021,-16.22,72.09
100033,HDFC Mutual Fund,1.38,16.58,-3.0952,0.3021,-16.22,72.09
100033,HDFC Mutual Fund,1.38,16.58,-3.0952,0.3021,-16.22,72.09
100033,HDFC Mutual Fund,1.38,16.58,-3.0952,0.3021,-16.22,72.09
100033,HDFC Mutual Fund,1.38,16.58,-3.0952,0.3021,-16.22,72.09
100033,HDFC Mutual Fund,1.38,16.58,-3.0952,0.3021,-16.22,72.09
100033,HDFC Mutual Fund,1.38,16.58,-3.0952,0.3021,-16.22,72.09
118634,Nippon India MF,1.53,20.15,-2.3683,0.195,-23.34,71.83
118634,Nippon India MF,1.53,20.15,-2.3683,0.195,-23.34,71.83
118634,Nippon India MF,1.53,20.15,-2.3683,0.195,-23.34,71.83
118634,Nippon India MF,1.53,20.15,-2.3683,0.195,-23.34,71.83
118634,Nippon India MF,1.53,20.15,-2.3683,0.195,-23.34,71.83
118634,Nippon India MF,1.53,20.15,-2.3683,0.195,-23.34,71.83
118634,Nippon India MF,1.53,20.15,-2.3683,0.195,-23.34,71.83
118634,Nippon India MF,1.53,20.15,-2.3683,0.195,-23.34,71.83
118634,Nippon India MF,1.53,20.15,-2.3683,0.195,-23.34,71.83
118634,Nippon India MF,1.53,20.15,-2.3683,0.195,-23.34,71.83
101207,Aditya Birla Sun Life MF,1.53,22.38,-2.3479,0.1176,-35.45,70.81
101207,Aditya Birla Sun Life MF,1.53,22.38,-2.3479,0.1176,-35.45,70.81
101207,Aditya Birla Sun Life MF,1.53,22.38,-2.3479,0.1176,-35.45,70.81
101207,Aditya Birla Sun Life MF,1.53,22.38,-2.3479,0.1176,-35.45,70.81
101207,Aditya Birla Sun Life MF,1.53,22.38,-2.3479,0.1176,-35.45,70.81
101207,Aditya Birla Sun Life MF,1.53,22.38,-2.3479,0.1176,-35.45,70.81
101207,Aditya Birla Sun Life MF,1.53,22.38,-2.3479,0.1176,-35.45,70.81
101207,Aditya Birla Sun Life MF,1.53,22.38,-2.3479,0.1176,-35.45,70.81
101207,Aditya Birla Sun Life MF,1.53,22.38,-2.3479,0.1176,-35.45,70.81
101207,Aditya Birla Sun Life MF,1.53,22.38,-2.3479,0.1176,-35.45,70.81
149324,DSP Mutual Fund,1.52,,-2.3501,0.3321,-31.17,70.73
149324,DSP Mutual Fund,1.52,,-2.3501,0.3321,-31.17,70.73
149324,DSP Mutual Fund,1.52,,-2.3501,0.3321,-31.17,70.73
149324,DSP Mutual Fund,1.52,,-2.3501,0.3321,-31.17,70.73
149324,DSP Mutual Fund,1.52,,-2.3501,0.3321,-31.17,70.73
149324,DSP Mutual Fund,1.52,,-2.3501,0.3321,-31.17,70.73
149324,DSP Mutual Fund,1.52,,-2.3501,0.3321,-31.17,70.73
149324,DSP Mutual Fund,1.52,,-2.3501,0.3321,-31.17,70.73
149324,DSP Mutual Fund,1.52,,-2.3501,0.3321,-31.17,70.73
149324,DSP Mutual Fund,1.52,,-2.3501,0.3321,-31.17,70.73
120505,ICICI Prudential MF,1.36,,-3.0257,0.3268,-18.19,69.45
120505,ICICI Prudential MF,1.36,,-3.0257,0.3268,-18.19,69.45
120505,ICICI Prudential MF,1.36,,-3.0257,0.3268,-18.19,69.45
120505,ICICI Prudential MF,1.36,,-3.0257,0.3268,-18.19,69.45
120505,ICICI Prudential MF,1.36,,-3.0257,0.3268,-18.19,69.45
120505,ICICI Prudential MF,1.36,,-3.0257,0.3268,-18.19,69.45
120505,ICICI Prudential MF,1.36,,-3.0257,0.3268,-18.19,69.45
120505,ICICI Prudential MF,1.36,,-3.0257,0.3268,-18.19,69.45
120505,ICICI Prudential MF,1.36,,-3.0257,0.3268,-18.19,69.45
120505,ICICI Prudential MF,1.36,,-3.0257,0.3268,-18.19,69.45
119094,Axis Mutual Fund,1.38,15.18,-3.0291,0.2908,-20.96,68.88
119094,Axis Mutual Fund,1.38,15.18,-3.0291,0.2908,-20.96,68.88
119094,Axis Mutual Fund,1.38,15.18,-3.0291,0.2908,-20.96,68.88
119094,Axis Mutual Fund,1.38,15.18,-3.0291,0.2908,-20.96,68.88
119094,Axis Mutual Fund,1.38,15.18,-3.0291,0.2908,-20.96,68.88
119094,Axis Mutual Fund,1.38,15.18,-3.0291,0.2908,-20.96,68.88
119094,Axis Mutual Fund,1.38,15.18,-3.0291,0.2908,-20.96,68.88
119094,Axis Mutual Fund,1.38,15.18,-3.0291,0.2908,-20.96,68.88
119094,Axis Mutual Fund,1.38,15.18,-3.0291,0.2908,-20.96,68.88
119094,Axis Mutual Fund,1.38,15.18,-3.0291,0.2908,-20.96,68.88
119095,Axis Mutual Fund,1.38,20.98,-2.4427,0.0536,-51.68,67.47
119095,Axis Mutual Fund,1.38,20.98,-2.4427,0.0536,-51.68,67.47
119095,Axis Mutual Fund,1.38,20.98,-2.4427,0.0536,-51.68,67.47
119095,Axis Mutual Fund,1.38,20.98,-2.4427,0.0536,-51.68,67.47
119095,Axis Mutual Fund,1.38,20.98,-2.4427,0.0536,-51.68,67.47
119095,Axis Mutual Fund,1.38,20.98,-2.4427,0.0536,-51.68,67.47
119095,Axis Mutual Fund,1.38,20.98,-2.4427,0.0536,-51.68,67.47
119095,Axis Mutual Fund,1.38,20.98,-2.4427,0.0536,-51.68,67.47
119095,Axis Mutual Fund,1.38,20.98,-2.4427,0.0536,-51.68,67.47
119095,Axis Mutual Fund,1.38,20.98,-2.4427,0.0536,-51.68,67.47
119094,Axis Mutual Fund,1.38,,-3.0291,0.2908,-20.96,65.35
119094,Axis Mutual Fund,1.38,,-3.0291,0.2908,-20.96,65.35
119094,Axis Mutual Fund,1.38,,-3.0291,0.2908,-20.96,65.35
119094,Axis Mutual Fund,1.38,,-3.0291,0.2908,-20.96,65.35
119094,Axis Mutual Fund,1.38,,-3.0291,0.2908,-20.96,65.35
119094,Axis Mutual Fund,1.38,,-3.0291,0.2908,-20.96,65.35
119094,Axis Mutual Fund,1.38,,-3.0291,0.2908,-20.96,65.35
119094,Axis Mutual Fund,1.38,,-3.0291,0.2908,-20.96,65.35
119094,Axis Mutual Fund,1.38,,-3.0291,0.2908,-20.96,65.35
119094,Axis Mutual Fund,1.38,,-3.0291,0.2908,-20.96,65.35
100033,HDFC Mutual Fund,1.38,,-3.0952,0.3021,-16.22,64.71
100033,HDFC Mutual Fund,1.38,,-3.0952,0.3021,-16.22,64.71
100033,HDFC Mutual Fund,1.38,,-3.0952,0.3021,-16.22,64.71
100033,HDFC Mutual Fund,1.38,,-3.0952,0.3021,-16.22,64.71
100033,HDFC Mutual Fund,1.38,,-3.0952,0.3021,-16.22,64.71
100033,HDFC Mutual Fund,1.38,,-3.0952,0.3021,-16.22,64.71
100033,HDFC Mutual Fund,1.38,,-3.0952,0.3021,-16.22,64.71
100033,HDFC Mutual Fund,1.38,,-3.0952,0.3021,-16.22,64.71
100033,HDFC Mutual Fund,1.38,,-3.0952,0.3021,-16.22,64.71
100033,HDFC Mutual Fund,1.38,,-3.0952,0.3021,-16.22,64.71
120843,Kotak Mahindra MF,1.45,15.65,-3.6827,0.3016,-12.97,63.63
120843,Kotak Mahindra MF,1.45,15.65,-3.6827,0.3016,-12.97,63.63
120843,Kotak Mahindra MF,1.45,15.65,-3.6827,0.3016,-12.97,63.63
120843,Kotak Mahindra MF,1.45,15.65,-3.6827,0.3016,-12.97,63.63
120843,Kotak Mahindra MF,1.45,15.65,-3.6827,0.3016,-12.97,63.63
120843,Kotak Mahindra MF,1.45,15.65,-3.6827,0.3016,-12.97,63.63
120843,Kotak Mahindra MF,1.45,15.65,-3.6827,0.3016,-12.97,63.63
120843,Kotak Mahindra MF,1.45,15.65,-3.6827,0.3016,-12.97,63.63
120843,Kotak Mahindra MF,1.45,15.65,-3.6827,0.3016,-12.97,63.63
120843,Kotak Mahindra MF,1.45,15.65,-3.6827,0.3016,-12.97,63.63
149323,DSP Mutual Fund,1.61,17.16,-3.3053,0.2957,-17.25,63.24
149323,DSP Mutual Fund,1.61,17.16,-3.3053,0.2957,-17.25,63.24
149323,DSP Mutual Fund,1.61,17.16,-3.3053,0.2957,-17.25,63.24
149323,DSP Mutual Fund,1.61,17.16,-3.3053,0.2957,-17.25,63.24
149323,DSP Mutual Fund,1.61,17.16,-3.3053,0.2957,-17.25,63.24
149323,DSP Mutual Fund,1.61,17.16,-3.3053,0.2957,-17.25,63.24
149323,DSP Mutual Fund,1.61,17.16,-3.3053,0.2957,-17.25,63.24
149323,DSP Mutual Fund,1.61,17.16,-3.3053,0.2957,-17.25,63.24
149323,DSP Mutual Fund,1.61,17.16,-3.3053,0.2957,-17.25,63.24
149323,DSP Mutual Fund,1.61,17.16,-3.3053,0.2957,-17.25,63.24
125498,HDFC Mutual Fund,0.78,15.29,-3.2911,0.1342,-21.12,62.99
125498,HDFC Mutual Fund,0.78,15.29,-3.2911,0.1342,-21.12,62.99
125498,HDFC Mutual Fund,0.78,15.29,-3.2911,0.1342,-21.12,62.99
125498,HDFC Mutual Fund,0.78,15.29,-3.2911,0.1342,-21.12,62.99
125498,HDFC Mutual Fund,0.78,15.29,-3.2911,0.1342,-21.12,62.99
125498,HDFC Mutual Fund,0.78,15.29,-3.2911,0.1342,-21.12,62.99
125498,HDFC Mutual Fund,0.78,15.29,-3.2911,0.1342,-21.12,62.99
125498,HDFC Mutual Fund,0.78,15.29,-3.2911,0.1342,-21.12,62.99
125498,HDFC Mutual Fund,0.78,15.29,-3.2911,0.1342,-21.12,62.99
125498,HDFC Mutual Fund,0.78,15.29,-3.2911,0.1342,-21.12,62.99
119599,SBI Mutual Fund,0.72,,-2.452,0.0563,-52.57,60.73
119599,SBI Mutual Fund,0.72,,-2.452,0.0563,-52.57,60.73
119599,SBI Mutual Fund,0.72,,-2.452,0.0563,-52.57,60.73
119599,SBI Mutual Fund,0.72,,-2.452,0.0563,-52.57,60.73
119599,SBI Mutual Fund,0.72,,-2.452,0.0563,-52.57,60.73
119599,SBI Mutual Fund,0.72,,-2.452,0.0563,-52.57,60.73
119599,SBI Mutual Fund,0.72,,-2.452,0.0563,-52.57,60.73
119599,SBI Mutual Fund,0.72,,-2.452,0.0563,-52.57,60.73
119599,SBI Mutual Fund,0.72,,-2.452,0.0563,-52.57,60.73
119599,SBI Mutual Fund,0.72,,-2.452,0.0563,-52.57,60.73
118634,Nippon India MF,1.53,,-2.3683,0.195,-23.34,60.6
118634,Nippon India MF,1.53,,-2.3683,0.195,-23.34,60.6
118634,Nippon India MF,1.53,,-2.3683,0.195,-23.34,60.6
118634,Nippon India MF,1.53,,-2.3683,0.195,-23.34,60.6
118634,Nippon India MF,1.53,,-2.3683,0.195,-23.34,60.6
118634,Nippon India MF,1.53,,-2.3683,0.195,-23.34,60.6
118634,Nippon India MF,1.53,,-2.3683,0.195,-23.34,60.6
118634,Nippon India MF,1.53,,-2.3683,0.195,-23.34,60.6
118634,Nippon India MF,1.53,,-2.3683,0.195,-23.34,60.6
118634,Nippon India MF,1.53,,-2.3683,0.195,-23.34,60.6
125498,HDFC Mutual Fund,0.78,,-3.2911,0.1342,-21.12,58.68
125498,HDFC Mutual Fund,0.78,,-3.2911,0.1342,-21.12,58.68
125498,HDFC Mutual Fund,0.78,,-3.2911,0.1342,-21.12,58.68
125498,HDFC Mutual Fund,0.78,,-3.2911,0.1342,-21.12,58.68
125498,HDFC Mutual Fund,0.78,,-3.2911,0.1342,-21.12,58.68
125498,HDFC Mutual Fund,0.78,,-3.2911,0.1342,-21.12,58.68
125498,HDFC Mutual Fund,0.78,,-3.2911,0.1342,-21.12,58.68
125498,HDFC Mutual Fund,0.78,,-3.2911,0.1342,-21.12,58.68
125498,HDFC Mutual Fund,0.78,,-3.2911,0.1342,-21.12,58.68
125498,HDFC Mutual Fund,0.78,,-3.2911,0.1342,-21.12,58.68
101207,Aditya Birla Sun Life MF,1.53,,-2.3479,0.1176,-35.45,58.04
101207,Aditya Birla Sun Life MF,1.53,,-2.3479,0.1176,-35.45,58.04
101207,Aditya Birla Sun Life MF,1.53,,-2.3479,0.1176,-35.45,58.04
101207,Aditya Birla Sun Life MF,1.53,,-2.3479,0.1176,-35.45,58.04
101207,Aditya Birla Sun Life MF,1.53,,-2.3479,0.1176,-35.45,58.04
101207,Aditya Birla Sun Life MF,1.53,,-2.3479,0.1176,-35.45,58.04
101207,Aditya Birla Sun Life MF,1.53,,-2.3479,0.1176,-35.45,58.04
101207,Aditya Birla Sun Life MF,1.53,,-2.3479,0.1176,-35.45,58.04
101207,Aditya Birla Sun Life MF,1.53,,-2.3479,0.1176,-35.45,58.04
101207,Aditya Birla Sun Life MF,1.53,,-2.3479,0.1176,-35.45,58.04
120843,Kotak Mahindra MF,1.45,,-3.6827,0.3016,-12.97,57.01
120843,Kotak Mahindra MF,1.45,,-3.6827,0.3016,-12.97,57.01
120843,Kotak Mahindra MF,1.45,,-3.6827,0.3016,-12.97,57.01
120843,Kotak Mahindra MF,1.45,,-3.6827,0.3016,-12.97,57.01
120843,Kotak Mahindra MF,1.45,,-3.6827,0.3016,-12.97,57.01
120843,Kotak Mahindra MF,1.45,,-3.6827,0.3016,-12.97,57.01
120843,Kotak Mahindra MF,1.45,,-3.6827,0.3016,-12.97,57.01
120843,Kotak Mahindra MF,1.45,,-3.6827,0.3016,-12.97,57.01
120843,Kotak Mahindra MF,1.45,,-3.6827,0.3016,-12.97,57.01
120843,Kotak Mahindra MF,1.45,,-3.6827,0.3016,-12.97,57.01
120842,Kotak Mahindra MF,1.56,18.23,-3.4013,0.0889,-24.0,56.83
120842,Kotak Mahindra MF,1.56,18.23,-3.4013,0.0889,-24.0,56.83
120842,Kotak Mahindra MF,1.56,18.23,-3.4013,0.0889,-24.0,56.83
120842,Kotak Mahindra MF,1.56,18.23,-3.4013,0.0889,-24.0,56.83
120842,Kotak Mahindra MF,1.56,18.23,-3.4013,0.0889,-24.0,56.83
120842,Kotak Mahindra MF,1.56,18.23,-3.4013,0.0889,-24.0,56.83
120842,Kotak Mahindra MF,1.56,18.23,-3.4013,0.0889,-24.0,56.83
120842,Kotak Mahindra MF,1.56,18.23,-3.4013,0.0889,-24.0,56.83
120842,Kotak Mahindra MF,1.56,18.23,-3.4013,0.0889,-24.0,56.83
120842,Kotak Mahindra MF,1.56,18.23,-3.4013,0.0889,-24.0,56.83
148569,Mirae Asset MF,1.6,,-3.3064,0.3123,-16.4,56.63
148569,Mirae Asset MF,1.6,,-3.3064,0.3123,-16.4,56.63
148569,Mirae Asset MF,1.6,,-3.3064,0.3123,-16.4,56.63
148569,Mirae Asset MF,1.6,,-3.3064,0.3123,-16.4,56.63
148569,Mirae Asset MF,1.6,,-3.3064,0.3123,-16.4,56.63
148569,Mirae Asset MF,1.6,,-3.3064,0.3123,-16.4,56.63
148569,Mirae Asset MF,1.6,,-3.3064,0.3123,-16.4,56.63
148569,Mirae Asset MF,1.6,,-3.3064,0.3123,-16.4,56.63
148569,Mirae Asset MF,1.6,,-3.3064,0.3123,-16.4,56.63
148569,Mirae Asset MF,1.6,,-3.3064,0.3123,-16.4,56.63
119095,Axis Mutual Fund,1.38,,-2.4427,0.0536,-51.68,55.47
119095,Axis Mutual Fund,1.38,,-2.4427,0.0536,-51.68,55.47
119095,Axis Mutual Fund,1.38,,-2.4427,0.0536,-51.68,55.47
119095,Axis Mutual Fund,1.38,,-2.4427,0.0536,-51.68,55.47
119095,Axis Mutual Fund,1.38,,-2.4427,0.0536,-51.68,55.47
119095,Axis Mutual Fund,1.38,,-2.4427,0.0536,-51.68,55.47
119095,Axis Mutual Fund,1.38,,-2.4427,0.0536,-51.68,55.47
119095,Axis Mutual Fund,1.38,,-2.4427,0.0536,-51.68,55.47
119095,Axis Mutual Fund,1.38,,-2.4427,0.0536,-51.68,55.47
119095,Axis Mutual Fund,1.38,,-2.4427,0.0536,-51.68,55.47
149323,DSP Mutual Fund,1.61,,-3.3053,0.2957,-17.25,55.09
149323,DSP Mutual Fund,1.61,,-3.3053,0.2957,-17.25,55.09
149323,DSP Mutual Fund,1.61,,-3.3053,0.2957,-17.25,55.09
149323,DSP Mutual Fund,1.61,,-3.3053,0.2957,-17.25,55.09
149323,DSP Mutual Fund,1.61,,-3.3053,0.2957,-17.25,55.09
149323,DSP Mutual Fund,1.61,,-3.3053,0.2957,-17.25,55.09
149323,DSP Mutual Fund,1.61,,-3.3053,0.2957,-17.25,55.09
149323,DSP Mutual Fund,1.61,,-3.3053,0.2957,-17.25,55.09
149323,DSP Mutual Fund,1.61,,-3.3053,0.2957,-17.25,55.09
149323,DSP Mutual Fund,1.61,,-3.3053,0.2957,-17.25,55.09
148569,Mirae Asset MF,1.6,13.58,-3.3064,0.3123,-16.4,54.78
148569,Mirae Asset MF,1.6,13.58,-3.3064,0.3123,-16.4,54.78
148569,Mirae Asset MF,1.6,13.58,-3.3064,0.3123,-16.4,54.78
148569,Mirae Asset MF,1.6,13.58,-3.3064,0.3123,-16.4,54.78
148569,Mirae Asset MF,1.6,13.58,-3.3064,0.3123,-16.4,54.78
148569,Mirae Asset MF,1.6,13.58,-3.3064,0.3123,-16.4,54.78
148569,Mirae Asset MF,1.6,13.58,-3.3064,0.3123,-16.4,54.78
148569,Mirae Asset MF,1.6,13.58,-3.3064,0.3123,-16.4,54.78
148569,Mirae Asset MF,1.6,13.58,-3.3064,0.3123,-16.4,54.78
148569,Mirae Asset MF,1.6,13.58,-3.3064,0.3123,-16.4,54.78
120506,ICICI Prudential MF,1.41,14.76,-3.9299,0.1805,-19.83,54.14
120506,ICICI Prudential MF,1.41,14.76,-3.9299,0.1805,-19.83,54.14
120506,ICICI Prudential MF,1.41,14.76,-3.9299,0.1805,-19.83,54.14
120506,ICICI Prudential MF,1.41,14.76,-3.9299,0.1805,-19.83,54.14
120506,ICICI Prudential MF,1.41,14.76,-3.9299,0.1805,-19.83,54.14
120506,ICICI Prudential MF,1.41,14.76,-3.9299,0.1805,-19.83,54.14
120506,ICICI Prudential MF,1.41,14.76,-3.9299,0.1805,-19.83,54.14
120506,ICICI Prudential MF,1.41,14.76,-3.9299,0.1805,-19.83,54.14
120506,ICICI Prudential MF,1.41,14.76,-3.9299,0.1805,-19.83,54.14
120506,ICICI Prudential MF,1.41,14.76,-3.9299,0.1805,-19.83,54.14
148567,Mirae Asset MF,1.46,14.81,-4.118,0.3003,-11.27,53.76
148567,Mirae Asset MF,1.46,14.81,-4.118,0.3003,-11.27,53.76
148567,Mirae Asset MF,1.46,14.81,-4.118,0.3003,-11.27,53.76
148567,Mirae Asset MF,1.46,14.81,-4.118,0.3003,-11.27,53.76
148567,Mirae Asset MF,1.46,14.81,-4.118,0.3003,-11.27,53.76
148567,Mirae Asset MF,1.46,14.81,-4.118,0.3003,-11.27,53.76
148567,Mirae Asset MF,1.46,14.81,-4.118,0.3003,-11.27,53.76
148567,Mirae Asset MF,1.46,14.81,-4.118,0.3003,-11.27,53.76
148567,Mirae Asset MF,1.46,14.81,-4.118,0.3003,-11.27,53.76
148567,Mirae Asset MF,1.46,14.81,-4.118,0.3003,-11.27,53.76
125497,HDFC Mutual Fund,0.92,,-4.067,0.1966,-15.2,53.04
125497,HDFC Mutual Fund,0.92,,-4.067,0.1966,-15.2,53.04
125497,HDFC Mutual Fund,0.92,,-4.067,0.1966,-15.2,53.04
125497,HDFC Mutual Fund,0.92,,-4.067,0.1966,-15.2,53.04
125497,HDFC Mutual Fund,0.92,,-4.067,0.1966,-15.2,53.04
125497,HDFC Mutual Fund,0.92,,-4.067,0.1966,-15.2,53.04
125497,HDFC Mutual Fund,0.92,,-4.067,0.1966,-15.2,53.04
125497,HDFC Mutual Fund,0.92,,-4.067,0.1966,-15.2,53.04
125497,HDFC Mutual Fund,0.92,,-4.067,0.1966,-15.2,53.04
125497,HDFC Mutual Fund,0.92,,-4.067,0.1966,-15.2,53.04
120504,ICICI Prudential MF,0.8,14.41,-4.1232,0.2367,-12.59,52.99
120504,ICICI Prudential MF,0.8,14.41,-4.1232,0.2367,-12.59,52.99
120504,ICICI Prudential MF,0.8,14.41,-4.1232,0.2367,-12.59,52.99
120504,ICICI Prudential MF,0.8,14.41,-4.1232,0.2367,-12.59,52.99
120504,ICICI Prudential MF,0.8,14.41,-4.1232,0.2367,-12.59,52.99
120504,ICICI Prudential MF,0.8,14.41,-4.1232,0.2367,-12.59,52.99
120504,ICICI Prudential MF,0.8,14.41,-4.1232,0.2367,-12.59,52.99
120504,ICICI Prudential MF,0.8,14.41,-4.1232,0.2367,-12.59,52.99
120504,ICICI Prudential MF,0.8,14.41,-4.1232,0.2367,-12.59,52.99
120504,ICICI Prudential MF,0.8,14.41,-4.1232,0.2367,-12.59,52.99
120504,ICICI Prudential MF,0.8,,-4.1232,0.2367,-12.59,52.53
120504,ICICI Prudential MF,0.8,,-4.1232,0.2367,-12.59,52.53
120504,ICICI Prudential MF,0.8,,-4.1232,0.2367,-12.59,52.53
120504,ICICI Prudential MF,0.8,,-4.1232,0.2367,-12.59,52.53
120504,ICICI Prudential MF,0.8,,-4.1232,0.2367,-12.59,52.53
120504,ICICI Prudential MF,0.8,,-4.1232,0.2367,-12.59,52.53
120504,ICICI Prudential MF,0.8,,-4.1232,0.2367,-12.59,52.53
120504,ICICI Prudential MF,0.8,,-4.1232,0.2367,-12.59,52.53
120504,ICICI Prudential MF,0.8,,-4.1232,0.2367,-12.59,52.53
120504,ICICI Prudential MF,0.8,,-4.1232,0.2367,-12.59,52.53
148568,Mirae Asset MF,1.52,14.56,-3.8443,0.2306,-15.27,52.47
148568,Mirae Asset MF,1.52,14.56,-3.8443,0.2306,-15.27,52.47
148568,Mirae Asset MF,1.52,14.56,-3.8443,0.2306,-15.27,52.47
148568,Mirae Asset MF,1.52,14.56,-3.8443,0.2306,-15.27,52.47
148568,Mirae Asset MF,1.52,14.56,-3.8443,0.2306,-15.27,52.47
148568,Mirae Asset MF,1.52,14.56,-3.8443,0.2306,-15.27,52.47
148568,Mirae Asset MF,1.52,14.56,-3.8443,0.2306,-15.27,52.47
148568,Mirae Asset MF,1.52,14.56,-3.8443,0.2306,-15.27,52.47
148568,Mirae Asset MF,1.52,14.56,-3.8443,0.2306,-15.27,52.47
148568,Mirae Asset MF,1.52,14.56,-3.8443,0.2306,-15.27,52.47
119552,SBI Mutual Fund,0.66,,-4.2611,0.2192,-11.8,52.4
119552,SBI Mutual Fund,0.66,,-4.2611,0.2192,-11.8,52.4
119552,SBI Mutual Fund,0.66,,-4.2611,0.2192,-11.8,52.4
119552,SBI Mutual Fund,0.66,,-4.2611,0.2192,-11.8,52.4
119552,SBI Mutual Fund,0.66,,-4.2611,0.2192,-11.8,52.4
119552,SBI Mutual Fund,0.66,,-4.2611,0.2192,-11.8,52.4
119552,SBI Mutual Fund,0.66,,-4.2611,0.2192,-11.8,52.4
119552,SBI Mutual Fund,0.66,,-4.2611,0.2192,-11.8,52.4
119552,SBI Mutual Fund,0.66,,-4.2611,0.2192,-11.8,52.4
119552,SBI Mutual Fund,0.66,,-4.2611,0.2192,-11.8,52.4
120506,ICICI Prudential MF,1.41,,-3.9299,0.1805,-19.83,52.14
120506,ICICI Prudential MF,1.41,,-3.9299,0.1805,-19.83,52.14
120506,ICICI Prudential MF,1.41,,-3.9299,0.1805,-19.83,52.14
120506,ICICI Prudential MF,1.41,,-3.9299,0.1805,-19.83,52.14
120506,ICICI Prudential MF,1.41,,-3.9299,0.1805,-19.83,52.14
120506,ICICI Prudential MF,1.41,,-3.9299,0.1805,-19.83,52.14
120506,ICICI Prudential MF,1.41,,-3.9299,0.1805,-19.83,52.14
120506,ICICI Prudential MF,1.41,,-3.9299,0.1805,-19.83,52.14
120506,ICICI Prudential MF,1.41,,-3.9299,0.1805,-19.83,52.14
120506,ICICI Prudential MF,1.41,,-3.9299,0.1805,-19.83,52.14
102887,UTI Mutual Fund,1.64,15.34,-3.7998,0.1815,-21.54,52.09
102887,UTI Mutual Fund,1.64,15.34,-3.7998,0.1815,-21.54,52.09
102887,UTI Mutual Fund,1.64,15.34,-3.7998,0.1815,-21.54,52.09
102887,UTI Mutual Fund,1.64,15.34,-3.7998,0.1815,-21.54,52.09
102887,UTI Mutual Fund,1.64,15.34,-3.7998,0.1815,-21.54,52.09
102887,UTI Mutual Fund,1.64,15.34,-3.7998,0.1815,-21.54,52.09
102887,UTI Mutual Fund,1.64,15.34,-3.7998,0.1815,-21.54,52.09
102887,UTI Mutual Fund,1.64,15.34,-3.7998,0.1815,-21.54,52.09
102887,UTI Mutual Fund,1.64,15.34,-3.7998,0.1815,-21.54,52.09
102887,UTI Mutual Fund,1.64,15.34,-3.7998,0.1815,-21.54,52.09
102886,UTI Mutual Fund,1.51,15.61,-3.3871,0.031,-28.0,51.45
102886,UTI Mutual Fund,1.51,15.61,-3.3871,0.031,-28.0,51.45
102886,UTI Mutual Fund,1.51,15.61,-3.3871,0.031,-28.0,51.45
102886,UTI Mutual Fund,1.51,15.61,-3.3871,0.031,-28.0,51.45
102886,UTI Mutual Fund,1.51,15.61,-3.3871,0.031,-28.0,51.45
102886,UTI Mutual Fund,1.51,15.61,-3.3871,0.031,-28.0,51.45
102886,UTI Mutual Fund,1.51,15.61,-3.3871,0.031,-28.0,51.45
102886,UTI Mutual Fund,1.51,15.61,-3.3871,0.031,-28.0,51.45
102886,UTI Mutual Fund,1.51,15.61,-3.3871,0.031,-28.0,51.45
102886,UTI Mutual Fund,1.51,15.61,-3.3871,0.031,-28.0,51.45
118633,Nippon India MF,0.72,,-4.282,0.1716,-18.63,51.24
118633,Nippon India MF,0.72,,-4.282,0.1716,-18.63,51.24
148568,Mirae Asset MF,1.52,,-3.8443,0.2306,-15.27,51.24
148568,Mirae Asset MF,1.52,,-3.8443,0.2306,-15.27,51.24
148568,Mirae Asset MF,1.52,,-3.8443,0.2306,-15.27,51.24
148568,Mirae Asset MF,1.52,,-3.8443,0.2306,-15.27,51.24
148568,Mirae Asset MF,1.52,,-3.8443,0.2306,-15.27,51.24
148568,Mirae Asset MF,1.52,,-3.8443,0.2306,-15.27,51.24
148568,Mirae Asset MF,1.52,,-3.8443,0.2306,-15.27,51.24
148568,Mirae Asset MF,1.52,,-3.8443,0.2306,-15.27,51.24
118633,Nippon India MF,0.72,,-4.282,0.1716,-18.63,51.24
118633,Nippon India MF,0.72,,-4.282,0.1716,-18.63,51.24
118633,Nippon India MF,0.72,,-4.282,0.1716,-18.63,51.24
118633,Nippon India MF,0.72,,-4.282,0.1716,-18.63,51.24
118633,Nippon India MF,0.72,,-4.282,0.1716,-18.63,51.24
118633,Nippon India MF,0.72,,-4.282,0.1716,-18.63,51.24
148568,Mirae Asset MF,1.52,,-3.8443,0.2306,-15.27,51.24
148568,Mirae Asset MF,1.52,,-3.8443,0.2306,-15.27,51.24
118633,Nippon India MF,0.72,,-4.282,0.1716,-18.63,51.24
118633,Nippon India MF,0.72,,-4.282,0.1716,-18.63,51.24
148567,Mirae Asset MF,1.46,,-4.118,0.3003,-11.27,50.99
148567,Mirae Asset MF,1.46,,-4.118,0.3003,-11.27,50.99
148567,Mirae Asset MF,1.46,,-4.118,0.3003,-11.27,50.99
148567,Mirae Asset MF,1.46,,-4.118,0.3003,-11.27,50.99
148567,Mirae Asset MF,1.46,,-4.118,0.3003,-11.27,50.99
148567,Mirae Asset MF,1.46,,-4.118,0.3003,-11.27,50.99
148567,Mirae Asset MF,1.46,,-4.118,0.3003,-11.27,50.99
148567,Mirae Asset MF,1.46,,-4.118,0.3003,-11.27,50.99
148567,Mirae Asset MF,1.46,,-4.118,0.3003,-11.27,50.99
148567,Mirae Asset MF,1.46,,-4.118,0.3003,-11.27,50.99
118632,Nippon India MF,1.51,,-4.1803,0.2431,-17.41,50.73
118632,Nippon India MF,1.51,,-4.1803,0.2431,-17.41,50.73
118632,Nippon India MF,1.51,,-4.1803,0.2431,-17.41,50.73
118632,Nippon India MF,1.51,,-4.1803,0.2431,-17.41,50.73
118632,Nippon India MF,1.51,,-4.1803,0.2431,-17.41,50.73
118632,Nippon India MF,1.51,,-4.1803,0.2431,-17.41,50.73
118632,Nippon India MF,1.51,,-4.1803,0.2431,-17.41,50.73
118632,Nippon India MF,1.51,,-4.1803,0.2431,-17.41,50.73
118632,Nippon India MF,1.51,,-4.1803,0.2431,-17.41,50.73
118632,Nippon India MF,1.51,,-4.1803,0.2431,-17.41,50.73
118632,Nippon India MF,1.51,14.0,-4.1803,0.2431,-17.41,50.42
118632,Nippon India MF,1.51,14.0,-4.1803,0.2431,-17.41,50.42
118632,Nippon India MF,1.51,14.0,-4.1803,0.2431,-17.41,50.42
118632,Nippon India MF,1.51,14.0,-4.1803,0.2431,-17.41,50.42
118632,Nippon India MF,1.51,14.0,-4.1803,0.2431,-17.41,50.42
118632,Nippon India MF,1.51,14.0,-4.1803,0.2431,-17.41,50.42
118632,Nippon India MF,1.51,14.0,-4.1803,0.2431,-17.41,50.42
118632,Nippon India MF,1.51,14.0,-4.1803,0.2431,-17.41,50.42
125497,HDFC Mutual Fund,0.92,13.38,-4.067,0.1966,-15.2,50.42
125497,HDFC Mutual Fund,0.92,13.38,-4.067,0.1966,-15.2,50.42
125497,HDFC Mutual Fund,0.92,13.38,-4.067,0.1966,-15.2,50.42
125497,HDFC Mutual Fund,0.92,13.38,-4.067,0.1966,-15.2,50.42
125497,HDFC Mutual Fund,0.92,13.38,-4.067,0.1966,-15.2,50.42
125497,HDFC Mutual Fund,0.92,13.38,-4.067,0.1966,-15.2,50.42
125497,HDFC Mutual Fund,0.92,13.38,-4.067,0.1966,-15.2,50.42
125497,HDFC Mutual Fund,0.92,13.38,-4.067,0.1966,-15.2,50.42
118632,Nippon India MF,1.51,14.0,-4.1803,0.2431,-17.41,50.42
118632,Nippon India MF,1.51,14.0,-4.1803,0.2431,-17.41,50.42
125497,HDFC Mutual Fund,0.92,13.38,-4.067,0.1966,-15.2,50.42
125497,HDFC Mutual Fund,0.92,13.38,-4.067,0.1966,-15.2,50.42
120842,Kotak Mahindra MF,1.56,,-3.4013,0.0889,-24.0,47.14
120842,Kotak Mahindra MF,1.56,,-3.4013,0.0889,-24.0,47.14
120842,Kotak Mahindra MF,1.56,,-3.4013,0.0889,-24.0,47.14
120842,Kotak Mahindra MF,1.56,,-3.4013,0.0889,-24.0,47.14
120842,Kotak Mahindra MF,1.56,,-3.4013,0.0889,-24.0,47.14
120842,Kotak Mahindra MF,1.56,,-3.4013,0.0889,-24.0,47.14
120842,Kotak Mahindra MF,1.56,,-3.4013,0.0889,-24.0,47.14
120842,Kotak Mahindra MF,1.56,,-3.4013,0.0889,-24.0,47.14
120842,Kotak Mahindra MF,1.56,,-3.4013,0.0889,-24.0,47.14
120842,Kotak Mahindra MF,1.56,,-3.4013,0.0889,-24.0,47.14
102887,UTI Mutual Fund,1.64,,-3.7998,0.1815,-21.54,47.01
102887,UTI Mutual Fund,1.64,,-3.7998,0.1815,-21.54,47.01
102887,UTI Mutual Fund,1.64,,-3.7998,0.1815,-21.54,47.01
102887,UTI Mutual Fund,1.64,,-3.7998,0.1815,-21.54,47.01
102887,UTI Mutual Fund,1.64,,-3.7998,0.1815,-21.54,47.01
102887,UTI Mutual Fund,1.64,,-3.7998,0.1815,-21.54,47.01
102887,UTI Mutual Fund,1.64,,-3.7998,0.1815,-21.54,47.01
102887,UTI Mutual Fund,1.64,,-3.7998,0.1815,-21.54,47.01
102887,UTI Mutual Fund,1.64,,-3.7998,0.1815,-21.54,47.01
102887,UTI Mutual Fund,1.64,,-3.7998,0.1815,-21.54,47.01
119093,Axis Mutual Fund,0.75,,-4.348,0.0908,-21.75,46.76
119093,Axis Mutual Fund,0.75,,-4.348,0.0908,-21.75,46.76
119093,Axis Mutual Fund,0.75,,-4.348,0.0908,-21.75,46.76
119093,Axis Mutual Fund,0.75,,-4.348,0.0908,-21.75,46.76
119093,Axis Mutual Fund,0.75,,-4.348,0.0908,-21.75,46.76
119093,Axis Mutual Fund,0.75,,-4.348,0.0908,-21.75,46.76
119093,Axis Mutual Fund,0.75,,-4.348,0.0908,-21.75,46.76
119093,Axis Mutual Fund,0.75,,-4.348,0.0908,-21.75,46.76
119093,Axis Mutual Fund,0.75,,-4.348,0.0908,-21.75,46.76
119093,Axis Mutual Fund,0.75,,-4.348,0.0908,-21.75,46.76
118633,Nippon India MF,0.72,12.33,-4.282,0.1716,-18.63,46.32
118633,Nippon India MF,0.72,12.33,-4.282,0.1716,-18.63,46.32
118633,Nippon India MF,0.72,12.33,-4.282,0.1716,-18.63,46.32
118633,Nippon India MF,0.72,12.33,-4.282,0.1716,-18.63,46.32
118633,Nippon India MF,0.72,12.33,-4.282,0.1716,-18.63,46.32
118633,Nippon India MF,0.72,12.33,-4.282,0.1716,-18.63,46.32
118633,Nippon India MF,0.72,12.33,-4.282,0.1716,-18.63,46.32
118633,Nippon India MF,0.72,12.33,-4.282,0.1716,-18.63,46.32
118633,Nippon India MF,0.72,12.33,-4.282,0.1716,-18.63,46.32
118633,Nippon India MF,0.72,12.33,-4.282,0.1716,-18.63,46.32
102886,UTI Mutual Fund,1.51,,-3.3871,0.031,-28.0,45.6
102886,UTI Mutual Fund,1.51,,-3.3871,0.031,-28.0,45.6
102886,UTI Mutual Fund,1.51,,-3.3871,0.031,-28.0,45.6
102886,UTI Mutual Fund,1.51,,-3.3871,0.031,-28.0,45.6
102886,UTI Mutual Fund,1.51,,-3.3871,0.031,-28.0,45.6
102886,UTI Mutual Fund,1.51,,-3.3871,0.031,-28.0,45.6
102886,UTI Mutual Fund,1.51,,-3.3871,0.031,-28.0,45.6
102886,UTI Mutual Fund,1.51,,-3.3871,0.031,-28.0,45.6
102886,UTI Mutual Fund,1.51,,-3.3871,0.031,-28.0,45.6
102886,UTI Mutual Fund,1.51,,-3.3871,0.031,-28.0,45.6
101206,Aditya Birla Sun Life MF,1.6,,-4.0639,0.2372,-11.29,44.96
101206,Aditya Birla Sun Life MF,1.6,,-4.0639,0.2372,-11.29,44.96
101206,Aditya Birla Sun Life MF,1.6,,-4.0639,0.2372,-11.29,44.96
101206,Aditya Birla Sun Life MF,1.6,,-4.0639,0.2372,-11.29,44.96
101206,Aditya Birla Sun Life MF,1.6,,-4.0639,0.2372,-11.29,44.96
101206,Aditya Birla Sun Life MF,1.6,,-4.0639,0.2372,-11.29,44.96
101206,Aditya Birla Sun Life MF,1.6,,-4.0639,0.2372,-11.29,44.96
101206,Aditya Birla Sun Life MF,1.6,,-4.0639,0.2372,-11.29,44.96
101206,Aditya Birla Sun Life MF,1.6,,-4.0639,0.2372,-11.29,44.96
101206,Aditya Birla Sun Life MF,1.6,,-4.0639,0.2372,-11.29,44.96
119551,SBI Mutual Fund,1.54,,-4.2904,0.255,-15.01,44.83
119551,SBI Mutual Fund,1.54,,-4.2904,0.255,-15.01,44.83
119551,SBI Mutual Fund,1.54,,-4.2904,0.255,-15.01,44.83
119551,SBI Mutual Fund,1.54,,-4.2904,0.255,-15.01,44.83
119551,SBI Mutual Fund,1.54,,-4.2904,0.255,-15.01,44.83
119551,SBI Mutual Fund,1.54,,-4.2904,0.255,-15.01,44.83
119551,SBI Mutual Fund,1.54,,-4.2904,0.255,-15.01,44.83
119551,SBI Mutual Fund,1.54,,-4.2904,0.255,-15.01,44.83
119551,SBI Mutual Fund,1.54,,-4.2904,0.255,-15.01,44.83
119551,SBI Mutual Fund,1.54,,-4.2904,0.255,-15.01,44.83
101206,Aditya Birla Sun Life MF,1.6,13.78,-4.0639,0.2372,-11.29,43.88
101206,Aditya Birla Sun Life MF,1.6,13.78,-4.0639,0.2372,-11.29,43.88
101206,Aditya Birla Sun Life MF,1.6,13.78,-4.0639,0.2372,-11.29,43.88
101206,Aditya Birla Sun Life MF,1.6,13.78,-4.0639,0.2372,-11.29,43.88
101206,Aditya Birla Sun Life MF,1.6,13.78,-4.0639,0.2372,-11.29,43.88
101206,Aditya Birla Sun Life MF,1.6,13.78,-4.0639,0.2372,-11.29,43.88
101206,Aditya Birla Sun Life MF,1.6,13.78,-4.0639,0.2372,-11.29,43.88
101206,Aditya Birla Sun Life MF,1.6,13.78,-4.0639,0.2372,-11.29,43.88
101206,Aditya Birla Sun Life MF,1.6,13.78,-4.0639,0.2372,-11.29,43.88
101206,Aditya Birla Sun Life MF,1.6,13.78,-4.0639,0.2372,-11.29,43.88
120503,ICICI Prudential MF,1.42,,-4.2981,0.194,-13.9,43.55
120503,ICICI Prudential MF,1.42,,-4.2981,0.194,-13.9,43.55
120503,ICICI Prudential MF,1.42,,-4.2981,0.194,-13.9,43.55
120503,ICICI Prudential MF,1.42,,-4.2981,0.194,-13.9,43.55
120503,ICICI Prudential MF,1.42,,-4.2981,0.194,-13.9,43.55
120503,ICICI Prudential MF,1.42,,-4.2981,0.194,-13.9,43.55
120503,ICICI Prudential MF,1.42,,-4.2981,0.194,-13.9,43.55
120503,ICICI Prudential MF,1.42,,-4.2981,0.194,-13.9,43.55
120503,ICICI Prudential MF,1.42,,-4.2981,0.194,-13.9,43.55
120503,ICICI Prudential MF,1.42,,-4.2981,0.194,-13.9,43.55
119552,SBI Mutual Fund,0.66,11.3,-4.2611,0.2192,-11.8,42.09
119552,SBI Mutual Fund,0.66,11.3,-4.2611,0.2192,-11.8,42.09
119552,SBI Mutual Fund,0.66,11.3,-4.2611,0.2192,-11.8,42.09
119552,SBI Mutual Fund,0.66,11.3,-4.2611,0.2192,-11.8,42.09
119552,SBI Mutual Fund,0.66,11.3,-4.2611,0.2192,-11.8,42.09
119552,SBI Mutual Fund,0.66,11.3,-4.2611,0.2192,-11.8,42.09
119552,SBI Mutual Fund,0.66,11.3,-4.2611,0.2192,-11.8,42.09
119552,SBI Mutual Fund,0.66,11.3,-4.2611,0.2192,-11.8,42.09
119552,SBI Mutual Fund,0.66,11.3,-4.2611,0.2192,-11.8,42.09
119552,SBI Mutual Fund,0.66,11.3,-4.2611,0.2192,-11.8,42.09
119551,SBI Mutual Fund,1.54,12.36,-4.2904,0.255,-15.01,40.68
119551,SBI Mutual Fund,1.54,12.36,-4.2904,0.255,-15.01,40.68
119551,SBI Mutual Fund,1.54,12.36,-4.2904,0.255,-15.01,40.68
119551,SBI Mutual Fund,1.54,12.36,-4.2904,0.255,-15.01,40.68
119551,SBI Mutual Fund,1.54,12.36,-4.2904,0.255,-15.01,40.68
119551,SBI Mutual Fund,1.54,12.36,-4.2904,0.255,-15.01,40.68
119551,SBI Mutual Fund,1.54,12.36,-4.2904,0.255,-15.01,40.68
119551,SBI Mutual Fund,1.54,12.36,-4.2904,0.255,-15.01,40.68
119551,SBI Mutual Fund,1.54,12.36,-4.2904,0.255,-15.01,40.68
119551,SBI Mutual Fund,1.54,12.36,-4.2904,0.255,-15.01,40.68
119093,Axis Mutual Fund,0.75,12.14,-4.348,0.0908,-21.75,40.29
119093,Axis Mutual Fund,0.75,12.14,-4.348,0.0908,-21.75,40.29
119093,Axis Mutual Fund,0.75,12.14,-4.348,0.0908,-21.75,40.29
119093,Axis Mutual Fund,0.75,12.14,-4.348,0.0908,-21.75,40.29
119093,Axis Mutual Fund,0.75,12.14,-4.348,0.0908,-21.75,40.29
119093,Axis Mutual Fund,0.75,12.14,-4.348,0.0908,-21.75,40.29
119093,Axis Mutual Fund,0.75,12.14,-4.348,0.0908,-21.75,40.29
119093,Axis Mutual Fund,0.75,12.14,-4.348,0.0908,-21.75,40.29
119093,Axis Mutual Fund,0.75,12.14,-4.348,0.0908,-21.75,40.29
119093,Axis Mutual Fund,0.75,12.14,-4.348,0.0908,-21.75,40.29
118635,Nippon India MF,0.89,,-4.6185,0.1684,-11.65,40.09
118635,Nippon India MF,0.89,,-4.6185,0.1684,-11.65,40.09
118635,Nippon India MF,0.89,,-4.6185,0.1684,-11.65,40.09
118635,Nippon India MF,0.89,,-4.6185,0.1684,-11.65,40.09
118635,Nippon India MF,0.89,,-4.6185,0.1684,-11.65,40.09
118635,Nippon India MF,0.89,,-4.6185,0.1684,-11.65,40.09
118635,Nippon India MF,0.89,,-4.6185,0.1684,-11.65,40.09
118635,Nippon India MF,0.89,,-4.6185,0.1684,-11.65,40.09
118635,Nippon India MF,0.89,,-4.6185,0.1684,-11.65,40.09
118635,Nippon India MF,0.89,,-4.6185,0.1684,-11.65,40.09
149322,DSP Mutual Fund,1.54,,-4.1961,0.1447,-14.84,38.81
149322,DSP Mutual Fund,1.54,,-4.1961,0.1447,-14.84,38.81
149322,DSP Mutual Fund,1.54,,-4.1961,0.1447,-14.84,38.81
149322,DSP Mutual Fund,1.54,,-4.1961,0.1447,-14.84,38.81
149322,DSP Mutual Fund,1.54,,-4.1961,0.1447,-14.84,38.81
149322,DSP Mutual Fund,1.54,,-4.1961,0.1447,-14.84,38.81
149322,DSP Mutual Fund,1.54,,-4.1961,0.1447,-14.84,38.81
149322,DSP Mutual Fund,1.54,,-4.1961,0.1447,-14.84,38.81
149322,DSP Mutual Fund,1.54,,-4.1961,0.1447,-14.84,38.81
149322,DSP Mutual Fund,1.54,,-4.1961,0.1447,-14.84,38.81
120841,Kotak Mahindra MF,1.59,,-4.4726,0.147,-17.57,35.73
120841,Kotak Mahindra MF,1.59,,-4.4726,0.147,-17.57,35.73
120841,Kotak Mahindra MF,1.59,,-4.4726,0.147,-17.57,35.73
120841,Kotak Mahindra MF,1.59,,-4.4726,0.147,-17.57,35.73
120841,Kotak Mahindra MF,1.59,,-4.4726,0.147,-17.57,35.73
120841,Kotak Mahindra MF,1.59,,-4.4726,0.147,-17.57,35.73
118636,Nippon India MF,0.55,,-15.3023,0.0559,-8.32,35.73
118636,Nippon India MF,0.55,,-15.3023,0.0559,-8.32,35.73
118636,Nippon India MF,0.55,,-15.3023,0.0559,-8.32,35.73
118636,Nippon India MF,0.55,,-15.3023,0.0559,-8.32,35.73
118636,Nippon India MF,0.55,,-15.3023,0.0559,-8.32,35.73
118636,Nippon India MF,0.55,,-15.3023,0.0559,-8.32,35.73
118636,Nippon India MF,0.55,,-15.3023,0.0559,-8.32,35.73
118636,Nippon India MF,0.55,,-15.3023,0.0559,-8.32,35.73
120841,Kotak Mahindra MF,1.59,,-4.4726,0.147,-17.57,35.73
120841,Kotak Mahindra MF,1.59,,-4.4726,0.147,-17.57,35.73
120841,Kotak Mahindra MF,1.59,,-4.4726,0.147,-17.57,35.73
120841,Kotak Mahindra MF,1.59,,-4.4726,0.147,-17.57,35.73
118636,Nippon India MF,0.55,,-15.3023,0.0559,-8.32,35.73
118636,Nippon India MF,0.55,,-15.3023,0.0559,-8.32,35.73
149322,DSP Mutual Fund,1.54,12.82,-4.1961,0.1447,-14.84,35.42
149322,DSP Mutual Fund,1.54,12.82,-4.1961,0.1447,-14.84,35.42
149322,DSP Mutual Fund,1.54,12.82,-4.1961,0.1447,-14.84,35.42
149322,DSP Mutual Fund,1.54,12.82,-4.1961,0.1447,-14.84,35.42
149322,DSP Mutual Fund,1.54,12.82,-4.1961,0.1447,-14.84,35.42
149322,DSP Mutual Fund,1.54,12.82,-4.1961,0.1447,-14.84,35.42
149322,DSP Mutual Fund,1.54,12.82,-4.1961,0.1447,-14.84,35.42
149322,DSP Mutual Fund,1.54,12.82,-4.1961,0.1447,-14.84,35.42
149322,DSP Mutual Fund,1.54,12.82,-4.1961,0.1447,-14.84,35.42
149322,DSP Mutual Fund,1.54,12.82,-4.1961,0.1447,-14.84,35.42
120844,Kotak Mahindra MF,0.6,,-93.3942,0.0717,-0.12,34.06
120844,Kotak Mahindra MF,0.6,,-93.3942,0.0717,-0.12,34.06
120844,Kotak Mahindra MF,0.6,,-93.3942,0.0717,-0.12,34.06
120844,Kotak Mahindra MF,0.6,,-93.3942,0.0717,-0.12,34.06
120844,Kotak Mahindra MF,0.6,,-93.3942,0.0717,-0.12,34.06
120844,Kotak Mahindra MF,0.6,,-93.3942,0.0717,-0.12,34.06
120844,Kotak Mahindra MF,0.6,,-93.3942,0.0717,-0.12,34.06
120844,Kotak Mahindra MF,0.6,,-93.3942,0.0717,-0.12,34.06
120844,Kotak Mahindra MF,0.6,,-93.3942,0.0717,-0.12,34.06
120844,Kotak Mahindra MF,0.6,,-93.3942,0.0717,-0.12,34.06
120503,ICICI Prudential MF,1.42,11.54,-4.2981,0.194,-13.9,34.01
120503,ICICI Prudential MF,1.42,11.54,-4.2981,0.194,-13.9,34.01
120503,ICICI Prudential MF,1.42,11.54,-4.2981,0.194,-13.9,34.01
120503,ICICI Prudential MF,1.42,11.54,-4.2981,0.194,-13.9,34.01
120503,ICICI Prudential MF,1.42,11.54,-4.2981,0.194,-13.9,34.01
120503,ICICI Prudential MF,1.42,11.54,-4.2981,0.194,-13.9,34.01
120503,ICICI Prudential MF,1.42,11.54,-4.2981,0.194,-13.9,34.01
120503,ICICI Prudential MF,1.42,11.54,-4.2981,0.194,-13.9,34.01
120503,ICICI Prudential MF,1.42,11.54,-4.2981,0.194,-13.9,34.01
120503,ICICI Prudential MF,1.42,11.54,-4.2981,0.194,-13.9,34.01
102885,UTI Mutual Fund,1.57,,-4.6524,0.1919,-10.86,33.04
102885,UTI Mutual Fund,1.57,,-4.6524,0.1919,-10.86,33.04
102885,UTI Mutual Fund,1.57,,-4.6524,0.1919,-10.86,33.04
102885,UTI Mutual Fund,1.57,,-4.6524,0.1919,-10.86,33.04
102885,UTI Mutual Fund,1.57,,-4.6524,0.1919,-10.86,33.04
102885,UTI Mutual Fund,1.57,,-4.6524,0.1919,-10.86,33.04
102885,UTI Mutual Fund,1.57,,-4.6524,0.1919,-10.86,33.04
102885,UTI Mutual Fund,1.57,,-4.6524,0.1919,-10.86,33.04
102885,UTI Mutual Fund,1.57,,-4.6524,0.1919,-10.86,33.04
102885,UTI Mutual Fund,1.57,,-4.6524,0.1919,-10.86,33.04
119120,SBI Mutual Fund,0.77,,-15.3487,0.0624,-4.33,32.78
119120,SBI Mutual Fund,0.77,,-15.3487,0.0624,-4.33,32.78
119120,SBI Mutual Fund,0.77,,-15.3487,0.0624,-4.33,32.78
119120,SBI Mutual Fund,0.77,,-15.3487,0.0624,-4.33,32.78
119120,SBI Mutual Fund,0.77,,-15.3487,0.0624,-4.33,32.78
119120,SBI Mutual Fund,0.77,,-15.3487,0.0624,-4.33,32.78
119120,SBI Mutual Fund,0.77,,-15.3487,0.0624,-4.33,32.78
119120,SBI Mutual Fund,0.77,,-15.3487,0.0624,-4.33,32.78
119120,SBI Mutual Fund,0.77,,-15.3487,0.0624,-4.33,32.78
119120,SBI Mutual Fund,0.77,,-15.3487,0.0624,-4.33,32.78
100025,HDFC Mutual Fund,0.56,,-15.6511,0.0471,-4.31,32.53
100025,HDFC Mutual Fund,0.56,,-15.6511,0.0471,-4.31,32.53
100025,HDFC Mutual Fund,0.56,,-15.6511,0.0471,-4.31,32.53
100025,HDFC Mutual Fund,0.56,,-15.6511,0.0471,-4.31,32.53
100025,HDFC Mutual Fund,0.56,,-15.6511,0.0471,-4.31,32.53
100025,HDFC Mutual Fund,0.56,,-15.6511,0.0471,-4.31,32.53
100025,HDFC Mutual Fund,0.56,,-15.6511,0.0471,-4.31,32.53
100025,HDFC Mutual Fund,0.56,,-15.6511,0.0471,-4.31,32.53
100025,HDFC Mutual Fund,0.56,,-15.6511,0.0471,-4.31,32.53
100025,HDFC Mutual Fund,0.56,,-15.6511,0.0471,-4.31,32.53
120507,ICICI Prudential MF,0.74,,-93.8419,0.0748,-0.1,32.14
120507,ICICI Prudential MF,0.74,,-93.8419,0.0748,-0.1,32.14
120507,ICICI Prudential MF,0.74,,-93.8419,0.0748,-0.1,32.14
120507,ICICI Prudential MF,0.74,,-93.8419,0.0748,-0.1,32.14
120507,ICICI Prudential MF,0.74,,-93.8419,0.0748,-0.1,32.14
120507,ICICI Prudential MF,0.74,,-93.8419,0.0748,-0.1,32.14
120507,ICICI Prudential MF,0.74,,-93.8419,0.0748,-0.1,32.14
120507,ICICI Prudential MF,0.74,,-93.8419,0.0748,-0.1,32.14
120507,ICICI Prudential MF,0.74,,-93.8419,0.0748,-0.1,32.14
120507,ICICI Prudential MF,0.74,,-93.8419,0.0748,-0.1,32.14
118635,Nippon India MF,0.89,11.77,-4.6185,0.1684,-11.65,31.32
118635,Nippon India MF,0.89,11.77,-4.6185,0.1684,-11.65,31.32
118635,Nippon India MF,0.89,11.77,-4.6185,0.1684,-11.65,31.32
118635,Nippon India MF,0.89,11.77,-4.6185,0.1684,-11.65,31.32
118635,Nippon India MF,0.89,11.77,-4.6185,0.1684,-11.65,31.32
118635,Nippon India MF,0.89,11.77,-4.6185,0.1684,-11.65,31.32
118635,Nippon India MF,0.89,11.77,-4.6185,0.1684,-11.65,31.32
118635,Nippon India MF,0.89,11.77,-4.6185,0.1684,-11.65,31.32
118635,Nippon India MF,0.89,11.77,-4.6185,0.1684,-11.65,31.32
118635,Nippon India MF,0.89,11.77,-4.6185,0.1684,-11.65,31.32
120841,Kotak Mahindra MF,1.59,12.25,-4.4726,0.147,-17.57,30.04
120841,Kotak Mahindra MF,1.59,12.25,-4.4726,0.147,-17.57,30.04
120841,Kotak Mahindra MF,1.59,12.25,-4.4726,0.147,-17.57,30.04
120841,Kotak Mahindra MF,1.59,12.25,-4.4726,0.147,-17.57,30.04
120841,Kotak Mahindra MF,1.59,12.25,-4.4726,0.147,-17.57,30.04
120841,Kotak Mahindra MF,1.59,12.25,-4.4726,0.147,-17.57,30.04
120841,Kotak Mahindra MF,1.59,12.25,-4.4726,0.147,-17.57,30.04
120841,Kotak Mahindra MF,1.59,12.25,-4.4726,0.147,-17.57,30.04
120841,Kotak Mahindra MF,1.59,12.25,-4.4726,0.147,-17.57,30.04
120841,Kotak Mahindra MF,1.59,12.25,-4.4726,0.147,-17.57,30.04
101208,Aditya Birla Sun Life MF,0.79,,-96.3288,0.0676,-0.16,29.45
101208,Aditya Birla Sun Life MF,0.79,,-96.3288,0.0676,-0.16,29.45
101208,Aditya Birla Sun Life MF,0.79,,-96.3288,0.0676,-0.16,29.45
101208,Aditya Birla Sun Life MF,0.79,,-96.3288,0.0676,-0.16,29.45
101208,Aditya Birla Sun Life MF,0.79,,-96.3288,0.0676,-0.16,29.45
101208,Aditya Birla Sun Life MF,0.79,,-96.3288,0.0676,-0.16,29.45
101208,Aditya Birla Sun Life MF,0.79,,-96.3288,0.0676,-0.16,29.45
101208,Aditya Birla Sun Life MF,0.79,,-96.3288,0.0676,-0.16,29.45
101208,Aditya Birla Sun Life MF,0.79,,-96.3288,0.0676,-0.16,29.45
101208,Aditya Birla Sun Life MF,0.79,,-96.3288,0.0676,-0.16,29.45
119092,Axis Mutual Fund,1.64,,-4.3695,0.0766,-14.4,29.06
119092,Axis Mutual Fund,1.64,,-4.3695,0.0766,-14.4,29.06
119092,Axis Mutual Fund,1.64,,-4.3695,0.0766,-14.4,29.06
119092,Axis Mutual Fund,1.64,,-4.3695,0.0766,-14.4,29.06
119092,Axis Mutual Fund,1.64,,-4.3695,0.0766,-14.4,29.06
119092,Axis Mutual Fund,1.64,,-4.3695,0.0766,-14.4,29.06
119092,Axis Mutual Fund,1.64,,-4.3695,0.0766,-14.4,29.06
119092,Axis Mutual Fund,1.64,,-4.3695,0.0766,-14.4,29.06
119092,Axis Mutual Fund,1.64,,-4.3695,0.0766,-14.4,29.06
119092,Axis Mutual Fund,1.64,,-4.3695,0.0766,-14.4,29.06
102885,UTI Mutual Fund,1.57,12.1,-4.6524,0.1919,-10.86,25.81
102885,UTI Mutual Fund,1.57,12.1,-4.6524,0.1919,-10.86,25.81
102885,UTI Mutual Fund,1.57,12.1,-4.6524,0.1919,-10.86,25.81
102885,UTI Mutual Fund,1.57,12.1,-4.6524,0.1919,-10.86,25.81
102885,UTI Mutual Fund,1.57,12.1,-4.6524,0.1919,-10.86,25.81
102885,UTI Mutual Fund,1.57,12.1,-4.6524,0.1919,-10.86,25.81
102885,UTI Mutual Fund,1.57,12.1,-4.6524,0.1919,-10.86,25.81
102885,UTI Mutual Fund,1.57,12.1,-4.6524,0.1919,-10.86,25.81
102885,UTI Mutual Fund,1.57,12.1,-4.6524,0.1919,-10.86,25.81
102885,UTI Mutual Fund,1.57,12.1,-4.6524,0.1919,-10.86,25.81
118636,Nippon India MF,0.55,5.31,-15.3023,0.0559,-8.32,21.58
118636,Nippon India MF,0.55,5.31,-15.3023,0.0559,-8.32,21.58
118636,Nippon India MF,0.55,5.31,-15.3023,0.0559,-8.32,21.58
118636,Nippon India MF,0.55,5.31,-15.3023,0.0559,-8.32,21.58
118636,Nippon India MF,0.55,5.31,-15.3023,0.0559,-8.32,21.58
118636,Nippon India MF,0.55,5.31,-15.3023,0.0559,-8.32,21.58
118636,Nippon India MF,0.55,5.31,-15.3023,0.0559,-8.32,21.58
118636,Nippon India MF,0.55,5.31,-15.3023,0.0559,-8.32,21.58
118636,Nippon India MF,0.55,5.31,-15.3023,0.0559,-8.32,21.58
118636,Nippon India MF,0.55,5.31,-15.3023,0.0559,-8.32,21.58
120844,Kotak Mahindra MF,0.6,6.18,-93.3942,0.0717,-0.12,21.45
120844,Kotak Mahindra MF,0.6,6.18,-93.3942,0.0717,-0.12,21.45
120844,Kotak Mahindra MF,0.6,6.18,-93.3942,0.0717,-0.12,21.45
120844,Kotak Mahindra MF,0.6,6.18,-93.3942,0.0717,-0.12,21.45
120844,Kotak Mahindra MF,0.6,6.18,-93.3942,0.0717,-0.12,21.45
120844,Kotak Mahindra MF,0.6,6.18,-93.3942,0.0717,-0.12,21.45
120844,Kotak Mahindra MF,0.6,6.18,-93.3942,0.0717,-0.12,21.45
120844,Kotak Mahindra MF,0.6,6.18,-93.3942,0.0717,-0.12,21.45
120844,Kotak Mahindra MF,0.6,6.18,-93.3942,0.0717,-0.12,21.45
120844,Kotak Mahindra MF,0.6,6.18,-93.3942,0.0717,-0.12,21.45
119092,Axis Mutual Fund,1.64,11.84,-4.3695,0.0766,-14.4,21.06
119092,Axis Mutual Fund,1.64,11.84,-4.3695,0.0766,-14.4,21.06
119092,Axis Mutual Fund,1.64,11.84,-4.3695,0.0766,-14.4,21.06
119092,Axis Mutual Fund,1.64,11.84,-4.3695,0.0766,-14.4,21.06
119092,Axis Mutual Fund,1.64,11.84,-4.3695,0.0766,-14.4,21.06
119092,Axis Mutual Fund,1.64,11.84,-4.3695,0.0766,-14.4,21.06
119092,Axis Mutual Fund,1.64,11.84,-4.3695,0.0766,-14.4,21.06
119092,Axis Mutual Fund,1.64,11.84,-4.3695,0.0766,-14.4,21.06
119092,Axis Mutual Fund,1.64,11.84,-4.3695,0.0766,-14.4,21.06
119092,Axis Mutual Fund,1.64,11.84,-4.3695,0.0766,-14.4,21.06
120507,ICICI Prudential MF,0.74,7.68,-93.8419,0.0748,-0.1,21.06
120507,ICICI Prudential MF,0.74,7.68,-93.8419,0.0748,-0.1,21.06
120507,ICICI Prudential MF,0.74,7.68,-93.8419,0.0748,-0.1,21.06
120507,ICICI Prudential MF,0.74,7.68,-93.8419,0.0748,-0.1,21.06
120507,ICICI Prudential MF,0.74,7.68,-93.8419,0.0748,-0.1,21.06
120507,ICICI Prudential MF,0.74,7.68,-93.8419,0.0748,-0.1,21.06
120507,ICICI Prudential MF,0.74,7.68,-93.8419,0.0748,-0.1,21.06
120507,ICICI Prudential MF,0.74,7.68,-93.8419,0.0748,-0.1,21.06
120507,ICICI Prudential MF,0.74,7.68,-93.8419,0.0748,-0.1,21.06
120507,ICICI Prudential MF,0.74,7.68,-93.8419,0.0748,-0.1,21.06
100025,HDFC Mutual Fund,0.56,7.37,-15.6511,0.0471,-4.31,20.68
100025,HDFC Mutual Fund,0.56,7.37,-15.6511,0.0471,-4.31,20.68
100025,HDFC Mutual Fund,0.56,7.37,-15.6511,0.0471,-4.31,20.68
100025,HDFC Mutual Fund,0.56,7.37,-15.6511,0.0471,-4.31,20.68
100025,HDFC Mutual Fund,0.56,7.37,-15.6511,0.0471,-4.31,20.68
100025,HDFC Mutual Fund,0.56,7.37,-15.6511,0.0471,-4.31,20.68
100025,HDFC Mutual Fund,0.56,7.37,-15.6511,0.0471,-4.31,20.68
100025,HDFC Mutual Fund,0.56,7.37,-15.6511,0.0471,-4.31,20.68
100025,HDFC Mutual Fund,0.56,7.37,-15.6511,0.0471,-4.31,20.68
100025,HDFC Mutual Fund,0.56,7.37,-15.6511,0.0471,-4.31,20.68
119120,SBI Mutual Fund,0.77,6.07,-15.3487,0.0624,-4.33,19.4
119120,SBI Mutual Fund,0.77,6.07,-15.3487,0.0624,-4.33,19.4
119120,SBI Mutual Fund,0.77,6.07,-15.3487,0.0624,-4.33,19.4
119120,SBI Mutual Fund,0.77,6.07,-15.3487,0.0624,-4.33,19.4
119120,SBI Mutual Fund,0.77,6.07,-15.3487,0.0624,-4.33,19.4
119120,SBI Mutual Fund,0.77,6.07,-15.3487,0.0624,-4.33,19.4
119120,SBI Mutual Fund,0.77,6.07,-15.3487,0.0624,-4.33,19.4
119120,SBI Mutual Fund,0.77,6.07,-15.3487,0.0624,-4.33,19.4
119120,SBI Mutual Fund,0.77,6.07,-15.3487,0.0624,-4.33,19.4
119120,SBI Mutual Fund,0.77,6.07,-15.3487,0.0624,-4.33,19.4
101208,Aditya Birla Sun Life MF,0.79,5.14,-96.3288,0.0676,-0.16,14.53
101208,Aditya Birla Sun Life MF,0.79,5.14,-96.3288,0.0676,-0.16,14.53
101208,Aditya Birla Sun Life MF,0.79,5.14,-96.3288,0.0676,-0.16,14.53
101208,Aditya Birla Sun Life MF,0.79,5.14,-96.3288,0.0676,-0.16,14.53
101208,Aditya Birla Sun Life MF,0.79,5.14,-96.3288,0.0676,-0.16,14.53
101208,Aditya Birla Sun Life MF,0.79,5.14,-96.3288,0.0676,-0.16,14.53
101208,Aditya Birla Sun Life MF,0.79,5.14,-96.3288,0.0676,-0.16,14.53
101208,Aditya Birla Sun Life MF,0.79,5.14,-96.3288,0.0676,-0.16,14.53
101208,Aditya Birla Sun Life MF,0.79,5.14,-96.3288,0.0676,-0.16,14.53
101208,Aditya Birla Sun Life MF,0.79,5.14,-96.3288,0.0676,-0.16,14.53
